category,segment
Component,Software
Component,Services
Deployment,On-Premise
Deployment,Cloud
Deployment,Hybrid
Business Function,Enterprise Asset Management
Business Function,Financial Management
Business Function,Human Capital Management
Business Function,Others
Industry Vertical,Manufacturing
Industry Vertical,BFSI
Industry Vertical,Healthcare
Industry Vertical,Retail & Distribution
Industry Vertical,Government
Industry Vertical,IT & Telecom
Industry Vertical,Others
End-User Type,SMEs
End-User Type,Large Enterprises
